{
    "model": "lightgbm",
    "dataset": "hr_attrition",
    "task_type": "classification",
    "n_train": 882,
    "n_val": 294,
    "n_test": 294,
    "n_features": 51,
    "train_time": 0.02994704246520996,
    "infer_time_total": 0.00045013427734375,
    "infer_time_per_sample": 1.5310689705569728e-06,
    "val_metrics": {
        "accuracy": 0.8639455782312925,
        "auc": 0.7739684727366699
    },
    "test_metrics": {
        "accuracy": 0.8469387755102041,
        "auc": 0.78861228357309
    },
    "feature_importance_top5": [
        [
            "num__MonthlyIncome",
            105
        ],
        [
            "num__DistanceFromHome",
            85
        ],
        [
            "num__Age",
            81
        ],
        [
            "num__DailyRate",
            72
        ],
        [
            "num__MonthlyRate",
            69
        ]
    ]
}