{
    "model": "lightgbm",
    "dataset": "stroke",
    "task_type": "classification",
    "n_train": 3066,
    "n_val": 1022,
    "n_test": 1022,
    "n_features": 21,
    "train_time": 0.09456419944763184,
    "infer_time_total": 0.002092123031616211,
    "infer_time_per_sample": 2.047087115084355e-06,
    "val_metrics": {
        "accuracy": 0.9510763209393346,
        "auc": 0.838065843621399
    },
    "test_metrics": {
        "accuracy": 0.9500978473581213,
        "auc": 0.8231069958847737
    },
    "feature_importance_top5": [
        [
            "num__avg_glucose_level",
            333
        ],
        [
            "num__bmi",
            321
        ],
        [
            "num__age",
            195
        ],
        [
            "cat__work_type_Private",
            30
        ],
        [
            "cat__smoking_status_never smoked",
            27
        ]
    ]
}