{
    "model": "lightgbm",
    "dataset": "shoppers",
    "task_type": "classification",
    "n_train": 7398,
    "n_val": 2466,
    "n_test": 2466,
    "n_features": 29,
    "train_time": 0.2736320495605469,
    "infer_time_total": 0.003900289535522461,
    "infer_time_per_sample": 1.58162592681365e-06,
    "val_metrics": {
        "accuracy": 0.910786699107867,
        "auc": 0.9431105606415372
    },
    "test_metrics": {
        "accuracy": 0.9038929440389294,
        "auc": 0.9305949844740782
    },
    "feature_importance_top5": [
        [
            "num__ExitRates",
            413
        ],
        [
            "num__ProductRelated_Duration",
            399
        ],
        [
            "num__ProductRelated",
            331
        ],
        [
            "num__Administrative_Duration",
            275
        ],
        [
            "num__PageValues",
            245
        ]
    ]
}