{
    "model": "mlp",
    "dataset": "superconductivity",
    "task_type": "regression",
    "n_train": 12757,
    "n_val": 4253,
    "n_test": 4253,
    "n_features": 81,
    "train_time": 9.637189388275146,
    "infer_time_total": 0.0023806095123291016,
    "infer_time_per_sample": 5.597482982198687e-07,
    "val_metrics": {
        "rmse": 12.391107393552327
    },
    "test_metrics": {
        "rmse": 11.942374933991363
    },
    "feature_importance_top5": null
}