{
    "model": "mlp",
    "dataset": "hr_attrition",
    "task_type": "classification",
    "n_train": 882,
    "n_val": 294,
    "n_test": 294,
    "n_features": 51,
    "train_time": 0.386000394821167,
    "infer_time_total": 0.0006480216979980469,
    "infer_time_per_sample": 2.2041554353675062e-06,
    "val_metrics": {
        "accuracy": 0.8809523809523809,
        "auc": 0.7370143853906451
    },
    "test_metrics": {
        "accuracy": 0.8639455782312925,
        "auc": 0.751227495908347
    },
    "feature_importance_top5": null
}