{
    "model": "mlp",
    "dataset": "shoppers",
    "task_type": "classification",
    "n_train": 7398,
    "n_val": 2466,
    "n_test": 2466,
    "n_features": 29,
    "train_time": 2.1474082469940186,
    "infer_time_total": 0.0020856857299804688,
    "infer_time_per_sample": 8.457768572507983e-07,
    "val_metrics": {
        "accuracy": 0.9022708840227088,
        "auc": 0.9119305905879751
    },
    "test_metrics": {
        "accuracy": 0.894566098945661,
        "auc": 0.9040244294600597
    },
    "feature_importance_top5": null
}