{
    "model": "mlp",
    "dataset": "superconductivity",
    "task_type": "regression",
    "n_train": 12757,
    "n_val": 4253,
    "n_test": 4253,
    "n_features": 81,
    "train_time": 34.26341962814331,
    "infer_time_total": 0.0032432079315185547,
    "infer_time_per_sample": 7.625694642648847e-07,
    "val_metrics": {
        "rmse": 11.488141876754508
    },
    "test_metrics": {
        "rmse": 11.065518458493422
    },
    "feature_importance_top5": null
}