{
    "model": "xgboost",
    "dataset": "diamonds",
    "task_type": "regression",
    "n_train": 32365,
    "n_val": 10789,
    "n_test": 10789,
    "n_features": 26,
    "train_time": 1.4473228454589844,
    "infer_time_total": 0.01997685432434082,
    "infer_time_per_sample": 1.8515946171416091e-06,
    "val_metrics": {
        "rmse": 545.246876423882
    },
    "test_metrics": {
        "rmse": 544.6759070768597
    },
    "feature_importance_top5": [
        [
            "num__y",
            0.3539279103279114
        ],
        [
            "num__carat",
            0.18282915651798248
        ],
        [
            "cat__clarity_I1",
            0.07943902164697647
        ],
        [
            "cat__clarity_SI2",
            0.050301700830459595
        ],
        [
            "cat__clarity_IF",
            0.045439463108778
        ]
    ]
}