{
    "model": "xgboost",
    "dataset": "hr_attrition",
    "task_type": "classification",
    "n_train": 882,
    "n_val": 294,
    "n_test": 294,
    "n_features": 51,
    "train_time": 0.0938568115234375,
    "infer_time_total": 0.0008809566497802734,
    "infer_time_per_sample": 2.9964511897288213e-06,
    "val_metrics": {
        "accuracy": 0.8707482993197279,
        "auc": 0.7820656387285727
    },
    "test_metrics": {
        "accuracy": 0.8571428571428571,
        "auc": 0.7551899388405547
    },
    "feature_importance_top5": [
        [
            "cat__OverTime_Yes",
            0.05522393435239792
        ],
        [
            "num__StockOptionLevel",
            0.041386667639017105
        ],
        [
            "cat__OverTime_No",
            0.04055892676115036
        ],
        [
            "num__TotalWorkingYears",
            0.03327879682183266
        ],
        [
            "cat__JobRole_Sales Executive",
            0.03129070997238159
        ]
    ]
}