{
    "model": "xgboost",
    "dataset": "shoppers",
    "task_type": "classification",
    "n_train": 7398,
    "n_val": 2466,
    "n_test": 2466,
    "n_features": 29,
    "train_time": 0.24576067924499512,
    "infer_time_total": 0.0035431385040283203,
    "infer_time_per_sample": 1.4367958248290026e-06,
    "val_metrics": {
        "accuracy": 0.910786699107867,
        "auc": 0.9424661595200531
    },
    "test_metrics": {
        "accuracy": 0.9030819140308192,
        "auc": 0.9306420898192159
    },
    "feature_importance_top5": [
        [
            "num__PageValues",
            0.32653382420539856
        ],
        [
            "cat__Month_Nov",
            0.07894991338253021
        ],
        [
            "cat__Month_May",
            0.04767826572060585
        ],
        [
            "cat__Month_Mar",
            0.04457668587565422
        ],
        [
            "cat__Month_Sep",
            0.033222176134586334
        ]
    ]
}