{
    "model": "xgboost",
    "dataset": "stroke",
    "task_type": "classification",
    "n_train": 3066,
    "n_val": 1022,
    "n_test": 1022,
    "n_features": 21,
    "train_time": 0.1371164321899414,
    "infer_time_total": 0.0010852813720703125,
    "infer_time_per_sample": 1.0619191507537305e-06,
    "val_metrics": {
        "accuracy": 0.9510763209393346,
        "auc": 0.8404938271604938
    },
    "test_metrics": {
        "accuracy": 0.949119373776908,
        "auc": 0.8388477366255144
    },
    "feature_importance_top5": [
        [
            "num__age",
            0.13480086624622345
        ],
        [
            "cat__ever_married_Yes",
            0.07314151525497437
        ],
        [
            "cat__smoking_status_smokes",
            0.06315024942159653
        ],
        [
            "num__hypertension",
            0.061981286853551865
        ],
        [
            "cat__work_type_children",
            0.05885351821780205
        ]
    ]
}