{
    "dataset": "shoppers",
    "task_type": "classification",
    "n_train": 7398,
    "n_val": 2466,
    "n_test": 2466,
    "n_features": 27,
    "train_time": 0.7142698764801025,
    "infer_time_total": 0.0017135143280029297,
    "infer_time_per_sample": 6.948557696686658e-07,
    "val_metrics": {
        "accuracy": 0.8937550689375506,
        "auc": 0.915245550743134
    },
    "test_metrics": {
        "accuracy": 0.8896999188969992,
        "auc": 0.9018330888042527
    },
    "feature_importance_top5": "AGOP length mismatch: got 1, expected 27"
}