{
    "model": "xrfm",
    "dataset": "diamonds",
    "task_type": "regression",
    "n_train": 32365,
    "n_val": 10789,
    "n_test": 10789,
    "n_features": 26,
    "train_time": 245.9537377357483,
    "test_metrics": {
        "rmse": 1496.723217234009
    },
    "top_k": 10,
    "importance_by_method": {
        "agop": {
            "num__carat": 0.14441704750061035,
            "num__depth": 0.07276595383882523,
            "num__table": 0.004167682956904173,
            "num__x": 0.9991217255592346,
            "num__y": 1.0,
            "num__z": 0.10225401818752289,
            "cat__cut_Fair": 6.761686108802678e-07,
            "cat__cut_Good": 5.0143239604949486e-06,
            "cat__cut_Ideal": 7.955430191941559e-05,
            "cat__cut_Premium": 4.642000931198709e-05,
            "cat__cut_Very Good": 9.609504195395857e-05,
            "cat__color_D": 0.0005074430373497307,
            "cat__color_E": 0.0005068552563898265,
            "cat__color_F": 0.00046266059507615864,
            "cat__color_G": 0.0004120231023989618,
            "cat__color_H": 0.0003807932953350246,
            "cat__color_I": 0.0003097740118391812,
            "cat__color_J": 0.0002592366945464164,
            "cat__clarity_I1": 4.192277629044838e-06,
            "cat__clarity_IF": 0.00022296530369203538,
            "cat__clarity_SI1": 0.00045682518975809216,
            "cat__clarity_SI2": 0.000481584167573601,
            "cat__clarity_VS1": 0.0003899071889463812,
            "cat__clarity_VS2": 0.0005084943841211498,
            "cat__clarity_VVS1": 0.0002938676334451884,
            "cat__clarity_VVS2": 0.0003304433193989098
        },
        "pca": {
            "num__carat": 0.9883560204582796,
            "num__depth": 0.000524159523381864,
            "num__table": 0.24947845422849035,
            "num__x": 1.0,
            "num__y": 0.9990358199846407,
            "num__z": 0.9928996207841215,
            "cat__cut_Fair": 0.01754649490818579,
            "cat__cut_Good": 0.013307338951220563,
            "cat__cut_Ideal": 0.10234982194519288,
            "cat__cut_Premium": 0.06256227664832846,
            "cat__cut_Very Good": 0.008933711437457859,
            "cat__color_D": 0.03671696859713176,
            "cat__color_E": 0.05148343503552287,
            "cat__color_F": 0.02025617597135486,
            "cat__color_G": 0.012609279531188834,
            "cat__color_H": 0.036259678554217474,
            "cat__color_I": 0.047332673786210255,
            "cat__color_J": 0.037473506794770364,
            "cat__clarity_I1": 0.015005364338546085,
            "cat__clarity_IF": 0.02307664953853849,
            "cat__clarity_SI1": 0.035414250309122146,
            "cat__clarity_SI2": 0.10428372130809653,
            "cat__clarity_VS1": 0.024467603769673666,
            "cat__clarity_VS2": 0.01554904632524126,
            "cat__clarity_VVS1": 0.04714796206252432,
            "cat__clarity_VVS2": 0.04446207425978718
        },
        "mutual_info": {
            "num__carat": 1.0,
            "num__depth": 0.017999832555867963,
            "num__table": 0.027300785876664884,
            "num__x": 0.764770486795559,
            "num__y": 0.7623225221824671,
            "num__z": 0.735445020647272,
            "cat__cut_Fair": 0.004164730478685459,
            "cat__cut_Good": 0.005334293971609078,
            "cat__cut_Ideal": 0.025965267627999705,
            "cat__cut_Premium": 0.022398764217314678,
            "cat__cut_Very Good": 0.015364880417350834,
            "cat__color_D": 0.032655788659277804,
            "cat__color_E": 0.033764980716849365,
            "cat__color_F": 0.03047168012145088,
            "cat__color_G": 0.02712113035352623,
            "cat__color_H": 0.024071181641396214,
            "cat__color_I": 0.017811290069183378,
            "cat__color_J": 0.009535065981962331,
            "cat__clarity_I1": 0.0014874434322455974,
            "cat__clarity_IF": 0.018990678393864462,
            "cat__clarity_SI1": 0.04703356282326441,
            "cat__clarity_SI2": 0.03898401726939505,
            "cat__clarity_VS1": 0.023247486174226756,
            "cat__clarity_VS2": 0.044050801307847186,
            "cat__clarity_VVS1": 0.02366708988497233,
            "cat__clarity_VVS2": 0.026436798621227255
        },
        "permutation_importance": {
            "num__carat": 1.0,
            "num__depth": 0.0907548091888707,
            "num__table": 0.08930260584261082,
            "num__x": 0.59799052629393,
            "num__y": 0.7873223949514314,
            "num__z": 0.1876589434036334,
            "cat__cut_Fair": 0.0,
            "cat__cut_Good": 0.0,
            "cat__cut_Ideal": 9.518759198773113e-05,
            "cat__cut_Premium": 0.0008717819946316515,
            "cat__cut_Very Good": 0.00822537728182219,
            "cat__color_D": 0.08421024422925458,
            "cat__color_E": 0.10041590584055562,
            "cat__color_F": 0.0416071229170195,
            "cat__color_G": 0.005841887058242003,
            "cat__color_H": 0.015550788756955414,
            "cat__color_I": 0.1218208993855382,
            "cat__color_J": 0.041436609951002526,
            "cat__clarity_I1": 0.0,
            "cat__clarity_IF": 0.00011077145309338086,
            "cat__clarity_SI1": 0.08405038625599831,
            "cat__clarity_SI2": 0.014338410398866044,
            "cat__clarity_VS1": 0.002972135637739686,
            "cat__clarity_VS2": 0.0319323194642898,
            "cat__clarity_VVS1": 0.0011722516182740494,
            "cat__clarity_VVS2": 0.002080418235256589
        }
    },
    "top_features_by_method": {
        "agop": [
            [
                "num__y",
                1.0
            ],
            [
                "num__x",
                0.9991217255592346
            ],
            [
                "num__carat",
                0.14441704750061035
            ],
            [
                "num__z",
                0.10225401818752289
            ],
            [
                "num__depth",
                0.07276595383882523
            ],
            [
                "num__table",
                0.004167682956904173
            ],
            [
                "cat__clarity_VS2",
                0.0005084943841211498
            ],
            [
                "cat__color_D",
                0.0005074430373497307
            ],
            [
                "cat__color_E",
                0.0005068552563898265
            ],
            [
                "cat__clarity_SI2",
                0.000481584167573601
            ]
        ],
        "pca": [
            [
                "num__x",
                1.0
            ],
            [
                "num__y",
                0.9990358199846407
            ],
            [
                "num__z",
                0.9928996207841215
            ],
            [
                "num__carat",
                0.9883560204582796
            ],
            [
                "num__table",
                0.24947845422849035
            ],
            [
                "cat__clarity_SI2",
                0.10428372130809653
            ],
            [
                "cat__cut_Ideal",
                0.10234982194519288
            ],
            [
                "cat__cut_Premium",
                0.06256227664832846
            ],
            [
                "cat__color_E",
                0.05148343503552287
            ],
            [
                "cat__color_I",
                0.047332673786210255
            ]
        ],