{
    "model": "xrfm",
    "dataset": "hr_attrition",
    "task_type": "classification",
    "sample_size_absolute": null,
    "n_train": 882,
    "n_val": 294,
    "n_test": 294,
    "n_features": 51,
    "train_time": 0.07244634628295898,
    "infer_time_total": 0.0009527206420898438,
    "infer_time_per_sample": 3.2405464016661353e-06,
    "val_metrics": {
        "accuracy": 0.8877551020408163,
        "auc": 0.8251356706003963
    },
    "test_metrics": {
        "accuracy": 0.8673469387755102,
        "auc": 0.7631148247049704
    },
    "feature_importance_top5": [
        [
            "cat__OverTime_No",
            1.0
        ],
        [
            "cat__OverTime_Yes",
            0.999998152256012
        ],
        [
            "cat__BusinessTravel_Travel_Frequently",
            0.8246946334838867
        ],
        [
            "num__TotalWorkingYears",
            0.7461749315261841
        ],
        [
            "cat__BusinessTravel_Non-Travel",
            0.5848576426506042
        ]
    ]
}