{
    "dataset": "stroke",
    "task_type": "classification",
    "n_train": 3066,
    "n_val": 1022,
    "n_test": 1022,
    "n_features": 21,
    "train_time": 0.2685666084289551,
    "infer_time_total": 0.0011310577392578125,
    "infer_time_per_sample": 1.106710116690619e-06,
    "val_metrics": {
        "accuracy": 0.9442270058708415,
        "auc": 0.703425925925926
    },
    "test_metrics": {
        "accuracy": 0.9412915851272016,
        "auc": 0.7605246913580248
    },
    "feature_importance_top5": "AGOP length mismatch: got 1, expected 21"
}