{
    "dataset": "diamonds",
    "task_type": "regression",
    "sample_size_absolute": 1000,
    "n_train": 1000,
    "n_val": 10789,
    "n_test": 10789,
    "n_features": 26,
    "train_time": 0.7319908142089844,
    "infer_time_total": 0.03253579139709473,
    "infer_time_per_sample": 3.015644767549794e-06,
    "val_metrics": {
        "rmse": 1712.3408826126745
    },
    "test_metrics": {
        "rmse": 1656.958576421911
    },
    "feature_importance_top5": [
        [
            "num__carat",
            1.0
        ],
        [
            "num__depth",
            1.0
        ],
        [
            "num__table",
            1.0
        ],
        [
            "num__x",
            1.0
        ],
        [
            "num__y",
            1.0
        ]
    ]
}