{
    "dataset": "hr_attrition",
    "task_type": "classification",
    "n_train": 882,
    "n_val": 294,
    "n_test": 294,
    "n_features": 51,
    "train_time": 0.07882332801818848,
    "infer_time_total": 0.001127481460571289,
    "infer_time_per_sample": 3.834970954324112e-06,
    "val_metrics": {
        "accuracy": 0.8877551020408163,
        "auc": 0.8251356706003963
    },
    "test_metrics": {
        "accuracy": 0.8673469387755102,
        "auc": 0.7631148247049704
    },
    "feature_importance_top5": "Could not extract AGOP: TypeError('len() of unsized object')"
}