{
    "dataset": "shoppers",
    "task_type": "classification",
    "n_train": 7398,
    "n_val": 2466,
    "n_test": 2466,
    "n_features": 27,
    "train_time": 0.7018554210662842,
    "infer_time_total": 0.0018630027770996094,
    "infer_time_per_sample": 7.554755787103039e-07,
    "val_metrics": {
        "accuracy": 0.8937550689375506,
        "auc": 0.915245550743134
    },
    "test_metrics": {
        "accuracy": 0.8896999188969992,
        "auc": 0.9018330888042527
    },
    "feature_importance_top5": "Could not extract AGOP: TypeError('len() of unsized object')"
}