{
    "dataset": "shoppers",
    "task_type": "classification",
    "sample_size_absolute": null,
    "n_train": 7398,
    "n_val": 2466,
    "n_test": 2466,
    "n_features": 27,
    "train_time": 0.6928877830505371,
    "infer_time_total": 0.0017197132110595703,
    "infer_time_per_sample": 6.973695097565168e-07,
    "val_metrics": {
        "accuracy": 0.8937550689375506,
        "auc": 0.915245550743134
    },
    "test_metrics": {
        "accuracy": 0.8896999188969992,
        "auc": 0.9018330888042527
    },
    "feature_importance_top5": [
        [
            "num__PageValues",
            1.0
        ],
        [
            "num__ExitRates",
            0.04902525618672371
        ],
        [
            "num__ProductRelated",
            0.04006770998239517
        ],
        [
            "num__ProductRelated_Duration",
            0.0344570018351078
        ],
        [
            "num__BounceRates",
            0.029663318768143654
        ]
    ]
}