{
    "dataset": "superconductivity",
    "task_type": "regression",
    "n_train": 12757,
    "n_val": 4253,
    "n_test": 4253,
    "n_features": 81,
    "train_time": 1.5808875560760498,
    "infer_time_total": 0.003954410552978516,
    "infer_time_per_sample": 9.297932172533543e-07,
    "val_metrics": {
        "rmse": 9.922950819642857
    },
    "test_metrics": {
        "rmse": 9.453961738831039
    },
    "feature_importance_top5": "Could not extract AGOP: TypeError('len() of unsized object')"
}