{
    "dataset": "diamonds",
    "task_type": "regression",
    "n_train": 32365,
    "n_val": 10789,
    "n_test": 10789,
    "n_features": 26,
    "train_time": 247.18565392494202,
    "infer_time_total": 0.7657670974731445,
    "infer_time_per_sample": 7.097665191149731e-05,
    "val_metrics": {
        "rmse": 1494.7949566618718
    },
    "test_metrics": {
        "rmse": 1496.723217234009
    },
    "feature_importance_top5": "Could not extract AGOP: no supported method/attribute found"
}