{
    "dataset": "hr_attrition",
    "task_type": "classification",
    "n_train": 882,
    "n_val": 294,
    "n_test": 294,
    "n_features": 51,
    "train_time": 0.07558655738830566,
    "infer_time_total": 0.0010008811950683594,
    "infer_time_per_sample": 3.404357806354964e-06,
    "val_metrics": {
        "accuracy": 0.8877551020408163,
        "auc": 0.8251356706003963
    },
    "test_metrics": {
        "accuracy": 0.8673469387755102,
        "auc": 0.7631148247049704
    },
    "feature_importance_top5": "AGOP length mismatch: got 1, expected 51"
}