{
    "dataset": "diamonds",
    "task_type": "regression",
    "train_time": 0.8947100639343262,
    "inference_time_per_sample": 1.7616037023510545e-05,
    "test_metrics": {
        "rmse": 1689.6361945743695
    },
    "model_params": {
        "use_diag": true,
        "n_train": 500
    }
}